title,published,id,url,main_topic,all_topics,authors,year
Time Will Tell: New Outlooks and A Baseline for Temporal Multi-View 3D Object Detection,2022-10-05 17:59:51+00:00,0,"""http://arxiv.org/pdf/2210.02443v1""",cs.CV,"['cs.CV', 'cs.AI', 'cs.LG', 'cs.RO']","['JINHYUNG PARK', 'CHENFENG XU', 'SHIJIA YANG', 'KURT KEUTZER', 'KRIS KITANI', 'MASAYOSHI TOMIZUKA', 'WEI ZHAN']",2022
Making Your First Choice: To Address Cold Start Problem in Vision Active Learning,2022-10-05 17:59:50+00:00,1,"""http://arxiv.org/pdf/2210.02442v1""",cs.CV,"['cs.CV', 'cs.AI', 'cs.LG']","['LIANGYU CHEN', 'YUTONG BAI', 'SIYU HUANG', 'YONGYI LU', 'BIHAN WEN', 'ALAN L. YUILLE', 'ZONGWEI ZHOU']",2022
DALL-E-Bot: Introducing Web-Scale Diffusion Models to Robotics,2022-10-05 17:58:31+00:00,2,"""http://arxiv.org/pdf/2210.02438v1""",cs.RO,"['cs.RO', 'cs.CV', 'cs.LG']","['IVAN KAPELYUKH', 'VITALIS VOSYLIUS', 'EDWARD JOHNS']",2022
IRJIT -- An Information Retrieval Technique for Just-in-time Defect Identification,2022-10-05 17:54:53+00:00,3,"""http://arxiv.org/pdf/2210.02435v1""",cs.SE,['cs.SE'],"['HAREEM SAHAR', 'YUXIN LIU', 'ABDUL ALI BANGASH', 'ABRAM HINDLE', 'DENILSON BARBOSA']",2022
A flow-based formulation for parallel machine scheduling using decision diagrams,2022-10-05 17:54:18+00:00,4,"""http://arxiv.org/pdf/2210.02434v1""",cs.DM,['cs.DM'],"['DANIEL KOWALCZYK', 'ROEL LEUS', 'CHRISTOPHER HOJNY', 'STEFAN RØPKE']",2022
Pebble minimization: the last theorems,2022-10-05 17:45:13+00:00,5,"""http://arxiv.org/pdf/2210.02426v1""",cs.FL,['cs.FL'],['GAËTAN DOUÉNEAU-TABOT'],2022
Explanation Uncertainty with Decision Boundary Awareness,2022-10-05 17:37:14+00:00,6,"""http://arxiv.org/pdf/2210.02419v1""",cs.LG,['cs.LG'],"['DAVIN HILL', 'ARIA MASOOMI', 'SANDESH GHIMIRE', 'MAX TOROP', 'JENNIFER DY']",2022
A deep learning model for brain vessel segmentation in 3DRA with arteriovenous malformations,2022-10-05 17:35:56+00:00,7,"""http://arxiv.org/pdf/2210.02416v1""",eess.IV,"['eess.IV', 'cs.CV', 'cs.LG']","['CAMILA GARCÍA', 'YIBIN FANG', 'JIANMIN LIU', 'ANA PAULA NARATA', 'JOSÉ IGNACIO ORLANDO', 'IGNACIO LARRABIDE']",2022
A Fourier Approach to Mixture Learning,2022-10-05 17:35:46+00:00,8,"""http://arxiv.org/pdf/2210.02415v1""",cs.LG,"['cs.LG', 'cs.DS', 'stat.ML']","['MINGDA QIAO', 'GURU GURUGANESH', 'ANKIT SINGH RAWAT', 'KUMAR AVINAVA DUBEY', 'MANZIL ZAHEER']",2022
GLM-130B: An Open Bilingual Pre-trained Model,2022-10-05 17:34:44+00:00,9,"""http://arxiv.org/pdf/2210.02414v1""",cs.CL,"['cs.CL', 'cs.AI', 'cs.LG']","['AOHAN ZENG', 'XIAO LIU', 'ZHENGXIAO DU', 'ZIHAN WANG', 'HANYU LAI', 'MING DING', 'ZHUOYI YANG', 'YIFAN XU', 'WENDI ZHENG', 'XIAO XIA', 'WENG LAM TAM', 'ZIXUAN MA', 'YUFEI XUE', 'JIDONG ZHAI', 'WENGUANG CHEN', 'PENG ZHANG', 'YUXIAO DONG', 'JIE TANG']",2022
How Erdös and Rényi Win the Lottery,2022-10-05 17:34:04+00:00,10,"""http://arxiv.org/pdf/2210.02412v1""",cs.LG,['cs.LG'],"['ADVAIT GADHIKAR', 'SOHUM MUKHERJEE', 'REBEKKA BURKHOLZ']",2022
Dynamical Isometry for Residual Networks,2022-10-05 17:33:23+00:00,11,"""http://arxiv.org/pdf/2210.02411v1""",cs.LG,['cs.LG'],"['ADVAIT GADHIKAR', 'REBEKKA BURKHOLZ']",2022
The Vendi Score: A Diversity Evaluation Metric for Machine Learning,2022-10-05 17:32:16+00:00,12,"""http://arxiv.org/pdf/2210.02410v1""",cs.LG,"['cs.LG', 'cond-mat.mtrl-sci', 'stat.ML']","['DAN FRIEDMAN', 'ADJI BOUSSO DIENG']",2022
The Influence of Explainable Artificial Intelligence: Nudging Behaviour or Boosting Capability?,2022-10-05 17:28:52+00:00,13,"""http://arxiv.org/pdf/2210.02407v1""",cs.HC,"['cs.HC', 'cs.AI']",['MATIJA FRANKLIN'],2022
Decomposed Prompting: A Modular Approach for Solving Complex Tasks,2022-10-05 17:28:20+00:00,14,"""http://arxiv.org/pdf/2210.02406v1""",cs.CL,['cs.CL'],"['TUSHAR KHOT', 'HARSH TRIVEDI', 'MATTHEW FINLAYSON', 'YAO FU', 'KYLE RICHARDSON', 'PETER CLARK', 'ASHISH SABHARWAL']",2022
ciDATGAN: Conditional Inputs for Tabular GANs,2022-10-05 17:22:54+00:00,15,"""http://arxiv.org/pdf/2210.02404v1""",cs.LG,['cs.LG'],"['GAEL LEDERREY', 'TIM HILLEL', 'MICHEL BIERLAIRE']",2022
Emotion Twenty Questions Dialog System for Lexical Emotional Intelligence,2022-10-05 17:20:26+00:00,16,"""http://arxiv.org/pdf/2210.02400v1""",cs.CL,"['cs.CL', 'cs.HC']","['ABE KAZEMZADEH', 'ADEDAMOLA SANUSI', 'HUIHUI', 'NIE']",2022
Phenaki: Variable Length Video Generation From Open Domain Textual Description,2022-10-05 17:18:28+00:00,17,"""http://arxiv.org/pdf/2210.02399v1""",cs.CV,"['cs.CV', 'cs.AI']","['RUBEN VILLEGAS', 'MOHAMMAD BABAEIZADEH', 'PIETER-JAN KINDERMANS', 'HERNAN MORALDO', 'HAN ZHANG', 'MOHAMMAD TAGHI SAFFAR', 'SANTIAGO CASTRO', 'JULIUS KUNZE', 'DUMITRU ERHAN']",2022
Temporally Consistent Video Transformer for Long-Term Video Prediction,2022-10-05 17:15:10+00:00,18,"""http://arxiv.org/pdf/2210.02396v1""",cs.CV,"['cs.CV', 'cs.AI', 'cs.LG']","['WILSON YAN', 'DANIJAR HAFNER', 'STEPHEN JAMES', 'PIETER ABBEEL']",2022
Geometry Driven Progressive Warping for One-Shot Face Animation,2022-10-05 17:07:06+00:00,19,"""http://arxiv.org/pdf/2210.02391v1""",cs.CV,"['cs.CV', 'cs.LG', 'cs.MM']","['YATAO ZHONG', 'FAEZEH AMJADI', 'ILYA ZHARKOV']",2022
Variational prompt tuning improves generalization of vision-language models,2022-10-05 17:05:56+00:00,20,"""http://arxiv.org/pdf/2210.02390v1""",cs.CV,"['cs.CV', 'cs.AI', 'cs.LG']","['MOHAMMAD MAHDI DERAKHSHANI', 'ENRIQUE SANCHEZ', 'ADRIAN BULAT', 'VICTOR GUILHERME TURRISI DA COSTA', 'CEES G. M. SNOEK', 'GEORGIOS TZIMIROPOULOS', 'BRAIS MARTINEZ']",2022
Domain Adaptation for Unknown Image Distortions in Instance Segmentation,2022-10-05 17:00:23+00:00,21,"""http://arxiv.org/pdf/2210.02386v1""",eess.IV,['eess.IV'],"['MAXIMILIANE GRUBER', 'FABIAN BRAND', 'ALINA MOSEBACH', 'JÜRGEN SEILER', 'ANDRÉ KAUP']",2022
A Novel Entropy-Maximizing TD3-based Reinforcement Learning for Automatic PID Tuning,2022-10-05 16:52:04+00:00,22,"""http://arxiv.org/pdf/2210.02381v1""",eess.SY,"['eess.SY', 'cs.SY']","['MYISHA A. CHOWDHURY', 'QIUGANG LU']",2022
Goal Recognition as a Deep Learning Task: the GRNet Approach,2022-10-05 16:42:48+00:00,23,"""http://arxiv.org/pdf/2210.02377v1""",cs.AI,"['cs.AI', 'cs.LG']","['MATTIA CHIARI', 'ALFONSO E. GEREVINI', 'LUCA PUTELLI', 'FRANCESCO PERCASSI', 'IVAN SERINA']",2022
Axon: A Language for Dynamic Shapes in Deep Learning Graphs,2022-10-05 16:34:15+00:00,24,"""http://arxiv.org/pdf/2210.02374v1""",cs.PL,['cs.PL'],"['ALEXANDER COLLINS', 'VINOD GROVER']",2022
Dynamical systems' based neural networks,2022-10-05 16:30:35+00:00,25,"""http://arxiv.org/pdf/2210.02373v1""",cs.LG,"['cs.LG', 'cs.NA', 'math.DS', 'math.NA', '65L05, 65L06, 37M15']","['ELENA CELLEDONI', 'DAVIDE MURARI', 'BRYNJULF OWREN', 'CAROLA-BIBIANE SCHÖNLIEB', 'FERDIA SHERRY']",2022
Spatio-Temporal Learnable Proposals for End-to-End Video Object Detection,2022-10-05 16:17:55+00:00,26,"""http://arxiv.org/pdf/2210.02368v1""",cs.CV,['cs.CV'],"['KHURRAM AZEEM HASHMI', 'DIDIER STRICKER', 'MUHAMMAMD ZESHAN AFZAL']",2022
Differentially Private Propensity Scores for Bias Correction,2022-10-05 16:05:17+00:00,27,"""http://arxiv.org/pdf/2210.02360v1""",cs.CR,['cs.CR'],"['LIANGWEI CHEN', 'VALENTIN HARTMANN', 'ROBERT WEST']",2022
Image Masking for Robust Self-Supervised Monocular Depth Estimation,2022-10-05 15:57:53+00:00,28,"""http://arxiv.org/pdf/2210.02357v1""",cs.CV,['cs.CV'],"['HEMANG CHAWLA', 'KISHAAN JEEVESWARAN', 'ELAHE ARANI', 'BAHRAM ZONOOZ']",2022
A kernel-based quantum random forest for improved classification,2022-10-05 15:57:31+00:00,29,"""http://arxiv.org/pdf/2210.02355v1""",quant-ph,"['quant-ph', 'cs.LG']","['MAIYUREN SRIKUMAR', 'CHARLES D. HILL', 'LLOYD C. L. HOLLENBERG']",2022
Fitting a Directional Microstructure Model to Diffusion-Relaxation MRI Data with Self-Supervised Machine Learning,2022-10-05 15:51:39+00:00,30,"""http://arxiv.org/pdf/2210.02349v1""",eess.IV,"['eess.IV', 'cs.CV', 'cs.LG', 'q-bio.NC']","['JASON P. LIM', 'STEFANO B. BLUMBERG', 'NEIL NARAYAN', 'SEAN C. EPSTEIN', 'DANIEL C. ALEXANDER', 'MARCO PALOMBO', 'PADDY J. SLATOR']",2022
Visual Backtracking Teleoperation: A Data Collection Protocol for Offline Image-Based Reinforcement Learning,2022-10-05 15:48:59+00:00,31,"""http://arxiv.org/pdf/2210.02343v1""",cs.RO,"['cs.RO', 'cs.LG']","['DAVID BRANDFONBRENER', 'STEPHEN TU', 'AVI SINGH', 'STEFAN WELKER', 'CHAD BOODOO', 'NIKOLAI MATNI', 'JAKE VARLEY']",2022
Particle clustering in turbulence: Prediction of spatial and statistical properties with deep learning,2022-10-05 15:46:28+00:00,32,"""http://arxiv.org/pdf/2210.02339v1""",astro-ph.EP,"['astro-ph.EP', 'cs.LG', 'physics.flu-dyn']","['YAN-MONG CHAN', 'NATASCHA MANGER', 'YIN LI', 'CHAO-CHIN YANG', 'ZHAOHUAN ZHU', 'PHILIP J. ARMITAGE', 'SHIRLEY HO']",2022
Using Full-Text Content to Characterize and Identify Best Seller Books,2022-10-05 15:40:25+00:00,33,"""http://arxiv.org/pdf/2210.02334v1""",cs.CL,"['cs.CL', 'cs.LG']","['GIOVANA D. DA SILVA', 'FILIPI N. SILVA', 'HENRIQUE F. DE ARRUDA', 'BÁRBARA C. E SOUZA', 'LUCIANO DA F. COSTA', 'DIEGO R. AMANCIO']",2022
Revisiting Graph Contrastive Learning from the Perspective of Graph Spectrum,2022-10-05 15:32:00+00:00,34,"""http://arxiv.org/pdf/2210.02330v1""",cs.LG,['cs.LG'],"['NIAN LIU', 'XIAO WANG', 'DEYU BO', 'CHUAN SHI', 'JIAN PEI']",2022
Learning Across Domains and Devices: Style-Driven Source-Free Domain Adaptation in Clustered Federated Learning,2022-10-05 15:23:52+00:00,35,"""http://arxiv.org/pdf/2210.02326v1""",cs.CV,"['cs.CV', 'cs.LG']","['DONALD SHENAJ', 'EROS FANÌ', 'MARCO TOLDO', 'DEBORA CALDAROLA', 'ANTONIO TAVERA', 'UMBERTO MICHIELI', 'MARCO CICCONE', 'PIETRO ZANUTTIGH', 'BARBARA CAPUTO']",2022
Promising or Elusive? Unsupervised Object Segmentation from Real-world Single Images,2022-10-05 15:22:54+00:00,36,"""http://arxiv.org/pdf/2210.02324v1""",cs.CV,"['cs.CV', 'cs.AI', 'cs.LG', 'cs.MM', 'cs.RO']","['YAFEI YANG', 'BO YANG']",2022
Distributed Online Generalized Nash Equilibrium Tracking for Prosumer Energy Trading Games,2022-10-05 15:22:46+00:00,37,"""http://arxiv.org/pdf/2210.02323v1""",math.OC,['math.OC'],"['YONGKAI XIE', 'ZHAOJIAN WANG', 'JOHN Z. F. PANG', 'BO YANG', 'XINPING GUAN']",2022
Real-Time Reinforcement Learning for Vision-Based Robotics Utilizing Local and Remote Computers,2022-10-05 15:10:52+00:00,38,"""http://arxiv.org/pdf/2210.02317v1""",cs.RO,"['cs.RO', 'cs.AI', 'cs.LG']","['YAN WANG', 'GAUTHAM VASAN', 'A. RUPAM MAHMOOD']",2022
Multi-stream Fusion for Class Incremental Learning in Pill Image Classification,2022-10-05 15:05:15+00:00,39,"""http://arxiv.org/pdf/2210.02313v1""",cs.CV,['cs.CV'],"['TRONG-TUNG NGUYEN', 'HIEU H. PHAM', 'PHI LE NGUYEN', 'THANH HUNG NGUYEN', 'MINH DO']",2022
Neuro-Planner: A 3D Visual Navigation Method for MAV with Depth Camera based on Neuromorphic Reinforcement Learning,2022-10-05 14:46:03+00:00,40,"""http://arxiv.org/pdf/2210.02305v1""",cs.RO,['cs.RO'],"['JUNJIE JIANG', 'DELEI KONG', 'KUANXV HOU', 'XINJIE HUANG', 'HAO ZHUANG', 'FANG ZHENG']",2022
Imagen Video: High Definition Video Generation with Diffusion Models,2022-10-05 14:41:38+00:00,41,"""http://arxiv.org/pdf/2210.02303v1""",cs.CV,"['cs.CV', 'cs.LG']","['JONATHAN HO', 'WILLIAM CHAN', 'CHITWAN SAHARIA', 'JAY WHANG', 'RUIQI GAO', 'ALEXEY GRITSENKO', 'DIEDERIK P. KINGMA', 'BEN POOLE', 'MOHAMMAD NOROUZI', 'DAVID J. FLEET', 'TIM SALIMANS']",2022
GLAD: Grounded Layered Autonomous Driving for Complex Service Tasks,2022-10-05 14:40:32+00:00,42,"""http://arxiv.org/pdf/2210.02302v1""",cs.RO,['cs.RO'],"['YAN DING', 'CHENG CUI', 'XIAOHAN ZHANG', 'SHIQI ZHANG']",2022
Spatial-Temporal-Aware Safe Multi-Agent Reinforcement Learning of Connected Autonomous Vehicles in Challenging Scenarios,2022-10-05 14:39:07+00:00,43,"""http://arxiv.org/pdf/2210.02300v1""",cs.RO,"['cs.RO', 'cs.AI', 'cs.MA']","['ZHILI ZHANG', 'SONGYANG HAN', 'JIANGWEI WANG', 'FEI MIAO']",2022
SHINE-Mapping: Large-Scale 3D Mapping Using Sparse Hierarchical Implicit Neural Representations,2022-10-05 14:38:49+00:00,44,"""http://arxiv.org/pdf/2210.02299v1""",cs.CV,"['cs.CV', 'cs.LG', 'cs.RO']","['XINGGUANG ZHONG', 'YUE PAN', 'JENS BEHLEY', 'CYRILL STACHNISS']",2022
Multiclass Learnability Beyond the PAC Framework: Universal Rates and Partial Concept Classes,2022-10-05 14:36:27+00:00,45,"""http://arxiv.org/pdf/2210.02297v1""",cs.LG,"['cs.LG', 'stat.ML']","['ALKIS KALAVASIS', 'GRIGORIS VELEGKAS', 'AMIN KARBASI']",2022
TC-SKNet with GridMask for Low-complexity Classification of Acoustic scene,2022-10-05 14:24:17+00:00,46,"""http://arxiv.org/pdf/2210.02287v1""",cs.SD,"['cs.SD', 'cs.LG', 'eess.AS']","['LUYUAN XIE', 'YAN ZHONG', 'LIN YANG', 'ZHAOYU YAN', 'ZHONGHAI WU', 'JUNJIE WANG']",2022
Probabilistic reconciliation of forecasts via importance sampling,2022-10-05 14:22:24+00:00,47,"""http://arxiv.org/pdf/2210.02286v1""",stat.ML,"['stat.ML', 'cs.LG', '62D99', 'G.3']","['LORENZO ZAMBON', 'DARIO AZZIMONTI', 'GIORGIO CORANI']",2022
Extending Conformal Prediction to Hidden Markov Models with Exact Validity via de Finetti's Theorem for Markov Chains,2022-10-05 13:54:56+00:00,48,"""http://arxiv.org/pdf/2210.02271v1""",stat.ME,"['stat.ME', 'cs.LG', 'eess.SP']","['BUDDHIKA NETTASINGHE', 'SAMRAT CHATTERJEE', 'RAMAKRISHNA TIPIREDDY', 'MAHANTESH HALAPPANAVAR']",2022
Weak-shot Semantic Segmentation via Dual Similarity Transfer,2022-10-05 13:54:34+00:00,49,"""http://arxiv.org/pdf/2210.02270v1""",cs.CV,['cs.CV'],"['JUNJIE CHEN', 'LI NIU', 'SIYUAN ZHOU', 'JIANLOU SI', 'CHEN QIAN', 'LIQING ZHANG']",2022
From Intelligent Agents to Trustworthy Human-Centred Multiagent Systems,2022-10-05 13:40:38+00:00,50,"""http://arxiv.org/pdf/2210.02260v1""",cs.MA,"['cs.MA', 'cs.AI']","['MOHAMMAD DIVBAND SOORATI', 'ENRICO H. GERDING', 'ENRICO MARCHIONI', 'PAVEL NAUMOV', 'TIMOTHY J. NORMAN', 'SARVAPALI D. RAMCHURN', 'BAHAR RASTEGARI', 'ADAM SOBEY', 'SEBASTIAN STEIN', 'DANESH TARPORE', 'VAHID YAZDANPANAH', 'JIE ZHANG']",2022
Cost Aware Asynchronous Multi-Agent Active Search,2022-10-05 13:38:30+00:00,51,"""http://arxiv.org/pdf/2210.02259v1""",cs.LG,"['cs.LG', 'cs.MA', 'cs.RO']","['ARUNDHATI BANERJEE', 'RAMINA GHODS', 'JEFF SCHNEIDER']",2022
Hiding Images in Deep Probabilistic Models,2022-10-05 13:33:25+00:00,52,"""http://arxiv.org/pdf/2210.02257v1""",cs.CR,"['cs.CR', 'cs.CV', 'cs.MM']","['HAOYU CHEN', 'LINQI SONG', 'ZHENXING QIAN', 'XINPENG ZHANG', 'KEDE MA']",2022
Constant regret for sequence prediction with limited advice,2022-10-05 13:32:49+00:00,53,"""http://arxiv.org/pdf/2210.02256v1""",math.ST,"['math.ST', 'stat.ML', 'stat.TH']","['EL MEHDI SAAD', 'G. BLANCHARD']",2022
Granularity-aware Adaptation for Image Retrieval over Multiple Tasks,2022-10-05 13:31:52+00:00,54,"""http://arxiv.org/pdf/2210.02254v1""",cs.CV,['cs.CV'],"['JON ALMAZÁN', 'BYUNGSOO KO', 'GEONMO GU', 'DIANE LARLUS', 'YANNIS KALANTIDIS']",2022
Channel Modeling for UAV-to-Ground Communications with Posture Variation and Fuselage Scattering Effect,2022-10-05 13:24:25+00:00,55,"""http://arxiv.org/pdf/2210.02245v1""",eess.SP,"['eess.SP', 'eess.IV']","['BOYU HUA', 'HAORAN NI', 'QIUMING ZHU', 'CHENG-XIANG WANG', 'TONGTONG ZHOU', 'KAI MAO', 'JUNWEI BAO', 'XIAOFEI ZHANG']",2022
HeartSpot: Privatized and Explainable Data Compression for Cardiomegaly Detection,2022-10-05 13:19:32+00:00,56,"""http://arxiv.org/pdf/2210.02241v1""",eess.IV,"['eess.IV', 'cs.CR', 'cs.CV', 'cs.LG']","['ELVIN JOHNSON', 'SHRESHTA MOHAN', 'ALEX GAUDIO', 'ASIM SMAILAGIC', 'CHRISTOS FALOUTSOS', 'AURÉLIO CAMPILHO']",2022
On Neural Consolidation for Transfer in Reinforcement Learning,2022-10-05 13:18:47+00:00,57,"""http://arxiv.org/pdf/2210.02240v1""",cs.LG,"['cs.LG', 'cs.AI']","['VALENTIN GUILLET', 'DENNIS G. WILSON', 'CARLOS AGUILAR-MELCHOR', 'EMMANUEL RACHELSON']",2022
On the Use of Deep Learning in Software Defect Prediction,2022-10-05 13:15:05+00:00,58,"""http://arxiv.org/pdf/2210.02236v1""",cs.SE,['cs.SE'],"['GÖRKEM GIRAY', 'KWABENA EBO BENNIN', 'ÖMER KÖKSAL', 'ÖNDER BABUR', 'BEDIR TEKINERDOGAN']",2022
Over-the-Air Federated Learning with Privacy Protection via Correlated Additive Perturbations,2022-10-05 13:13:35+00:00,59,"""http://arxiv.org/pdf/2210.02235v1""",cs.LG,"['cs.LG', 'cs.CR']","['JIALING LIAO', 'ZHENG CHEN', 'ERIK G. LARSSON']",2022
Thermal (and Hybrid Thermal/Audio) Side-Channel Attacks on Keyboard Input,2022-10-05 13:13:17+00:00,60,"""http://arxiv.org/pdf/2210.02234v1""",cs.CR,"['cs.CR', 'cs.LG']","['TYLER KACZMAREK', 'ERCAN OZTURK', 'PIER PAOLO TRICOMI', 'GENE TSUDIK']",2022
Null Hypothesis Test for Anomaly Detection,2022-10-05 13:03:55+00:00,61,"""http://arxiv.org/pdf/2210.02226v1""",hep-ph,"['hep-ph', 'cs.LG', 'hep-ex']","['JERNEJ F. KAMENIK', 'MANUEL SZEWC']",2022
Neural Distillation as a State Representation Bottleneck in Reinforcement Learning,2022-10-05 13:00:39+00:00,62,"""http://arxiv.org/pdf/2210.02224v1""",cs.LG,"['cs.LG', 'cs.AI']","['VALENTIN GUILLET', 'DENNIS G. WILSON', 'CARLOS AGUILAR-MELCHOR', 'EMMANUEL RACHELSON']",2022
On the Statistical Complexity of Estimation and Testing under Privacy Constraints,2022-10-05 12:55:53+00:00,63,"""http://arxiv.org/pdf/2210.02215v1""",cs.LG,"['cs.LG', 'cs.CR']","['CLÉMENT LALANNE', 'AURÉLIEN GARIVIER', 'RÉMI GRIBONVAL']",2022
Improving Visual-Semantic Embedding with Adaptive Pooling and Optimization Objective,2022-10-05 12:34:06+00:00,64,"""http://arxiv.org/pdf/2210.02206v1""",cs.MM,['cs.MM'],"['ZIJIAN ZHANG', 'CHANG SHU', 'YA XIAO', 'YUAN SHEN', 'DI ZHU', 'JING XIAO', 'YOUXIN CHEN', 'JEY HAN LAU', 'QIAN ZHANG', 'ZHENG LU']",2022
Game Theoretic Rating in N-player general-sum games with Equilibria,2022-10-05 12:33:03+00:00,65,"""http://arxiv.org/pdf/2210.02205v1""",cs.GT,"['cs.GT', 'cs.LG', 'cs.MA']","['LUKE MARRIS', 'MARC LANCTOT', 'IAN GEMP', 'SHAYEGAN OMIDSHAFIEI', 'STEPHEN MCALEER', 'JEROME CONNOR', 'KARL TUYLS', 'THORE GRAEPEL']",2022
Over-the-Air Gaussian Process Regression Based on Product of Experts,2022-10-05 12:31:50+00:00,66,"""http://arxiv.org/pdf/2210.02204v1""",eess.SP,['eess.SP'],['KOYA SATO'],2022
Fused mean structure learning in data integration with dependence,2022-10-05 12:24:35+00:00,67,"""http://arxiv.org/pdf/2210.02198v1""",stat.ME,"['stat.ME', 'stat.AP']",['EMILY C. HECTOR'],2022
TimesNet: Temporal 2D-Variation Modeling for General Time Series Analysis,2022-10-05 12:19:51+00:00,68,"""http://arxiv.org/pdf/2210.02186v1""",cs.LG,['cs.LG'],"['HAIXU WU', 'TENGGE HU', 'YONG LIU', 'HANG ZHOU', 'JIANMIN WANG', 'MINGSHENG LONG']",2022
Rediscovery of Numerical Lüscher's Formula from the Neural Network,2022-10-05 12:18:42+00:00,69,"""http://arxiv.org/pdf/2210.02184v1""",hep-lat,"['hep-lat', 'cs.LG', 'hep-ph', 'hep-th']","['YU LU', 'YI-JIA WANG', 'YING CHEN', 'JIA-JUN WU']",2022
Multi-objective optimization via equivariant deep hypervolume approximation,2022-10-05 12:07:13+00:00,70,"""http://arxiv.org/pdf/2210.02177v1""",cs.LG,"['cs.LG', 'cs.NE']","['JIM BOELRIJK', 'BERND ENSING', 'PATRICK FORRÉ']",2022
Feature Importance for Time Series Data: Improving KernelSHAP,2022-10-05 12:05:01+00:00,71,"""http://arxiv.org/pdf/2210.02176v1""",cs.LG,['cs.LG'],"['MATTIA VILLANI', 'JOSHUA LOCKHART', 'DANIELE MAGAZZENI']",2022
Boundary-safe PINNs extension: Application to non-linear parabolic PDEs in counterparty credit risk,2022-10-05 12:02:52+00:00,72,"""http://arxiv.org/pdf/2210.02175v1""",q-fin.CP,"['q-fin.CP', 'cs.NA', 'math.NA', '68T07, 35Q91, 65M99, 91G20']","['JOEL P. VILLARINO', 'ÁLVARO LEITAO', 'JOSÉ A. GARCÍA-RODRÍGUEZ']",2022
CW-ERM: Improving Autonomous Driving Planning with Closed-loop Weighted Empirical Risk Minimization,2022-10-05 12:02:49+00:00,73,"""http://arxiv.org/pdf/2210.02174v1""",cs.LG,"['cs.LG', 'cs.RO']","['EESHA KUMAR', 'YIMING ZHANG', 'STEFANO PINI', 'SIMON STENT', 'ANA FERREIRA', 'SERGEY ZAGORUYKO', 'CHRISTIAN S. PERONE']",2022
Intelligent and Secure Radio Environments for 6G Vehicular Aided HetNets: Key Opportunities and Challenges,2022-10-05 12:00:23+00:00,74,"""http://arxiv.org/pdf/2210.02172v1""",eess.SP,['eess.SP'],"['WALI ULLAH KHAN', 'MUHAMMAD AWAIS JAVED', 'SHERALI ZEADALLY', 'EVA LAGUNAS', 'SYMEON CHATZINOTAS']",2022
Bayesian Quadrature for Probability Threshold Robustness of Partially Undefined Functions,2022-10-05 11:50:36+00:00,75,"""http://arxiv.org/pdf/2210.02168v1""",cs.LG,['cs.LG'],"['JONATHAN SADEGHI', 'ROMAIN MUELLER', 'JOHN REDFORD']",2022
Differentiable Mathematical Programming for Object-Centric Representation Learning,2022-10-05 11:36:45+00:00,76,"""http://arxiv.org/pdf/2210.02159v1""",cs.LG,"['cs.LG', 'cs.CV']","['ADEEL PERVEZ', 'PHILLIP LIPPE', 'EFSTRATIOS GAVVES']",2022
The Influence of Learning Rule on Representation Dynamics in Wide Neural Networks,2022-10-05 11:33:40+00:00,77,"""http://arxiv.org/pdf/2210.02157v1""",stat.ML,"['stat.ML', 'cond-mat.dis-nn', 'cond-mat.stat-mech', 'cs.LG']","['BLAKE BORDELON', 'CENGIZ PEHLEVAN']",2022
Fine-Tuning with Differential Privacy Necessitates an Additional Hyperparameter Search,2022-10-05 11:32:49+00:00,78,"""http://arxiv.org/pdf/2210.02156v1""",cs.LG,"['cs.LG', 'cs.CR']","['YANNIS CATTAN', 'CHRISTOPHER A. CHOQUETTE-CHOO', 'NICOLAS PAPERNOT', 'ABHRADEEP THAKURTA']",2022
Improving uplift model evaluation on RCT data,2022-10-05 11:16:01+00:00,79,"""http://arxiv.org/pdf/2210.02152v1""",stat.ME,"['stat.ME', 'stat.ML']","['BJÖRN BOKELMANN', 'STEFAN LESSMANN']",2022
Relational Proxies: Emergent Relationships as Fine-Grained Discriminators,2022-10-05 11:08:04+00:00,80,"""http://arxiv.org/pdf/2210.02149v1""",cs.CV,"['cs.CV', 'cs.LG']","['ABHRA CHAUDHURI', 'MASSIMILIANO MANCINI', 'ZEYNEP AKATA', 'ANJAN DUTTA']",2022
Adaptive Leading Cruise Control in Mixed Traffic Considering Human Behavioral Diversity,2022-10-05 11:03:52+00:00,81,"""http://arxiv.org/pdf/2210.02147v1""",eess.SY,"['eess.SY', 'cs.SY']","['QUN WANG', 'HAOXUAN DONG', 'FEI JU', 'WEICHAO ZHUANG', 'CHEN LV', 'LIANGMO WANG', 'ZIYOU SONG']",2022
SECOE: Alleviating Sensors Failure in Machine Learning-Coupled IoT Systems,2022-10-05 10:58:39+00:00,82,"""http://arxiv.org/pdf/2210.02144v1""",cs.LG,"['cs.LG', 'cs.NI']","['YOUSEF ALSHEHRI', 'LAKSHMISH RAMASWAMY']",2022
Common Vulnerability Scoring System Prediction based on Open Source Intelligence Information Sources,2022-10-05 10:54:15+00:00,83,"""http://arxiv.org/pdf/2210.02143v1""",cs.CR,"['cs.CR', 'cs.LG']","['PHILIPP KUEHN', 'DAVID N. RELKE', 'CHRISTIAN REUTER']",2022
Density Planner: Minimizing Collision Risk in Motion Planning with Dynamic Obstacles using Density-based Reachability,2022-10-05 10:32:35+00:00,84,"""http://arxiv.org/pdf/2210.02131v1""",cs.RO,"['cs.RO', 'cs.SY', 'eess.SY']","['LAURA LÜTZOW', 'YUE MENG', 'ANDRES CHAVEZ ARMIJOS', 'CHUCHU FAN']",2022
Personalized Decentralized Bilevel Optimization over Stochastic and Directed Networks,2022-10-05 10:23:45+00:00,85,"""http://arxiv.org/pdf/2210.02129v1""",stat.ML,"['stat.ML', 'cs.LG']","['NAOYUKI TERASHITA', 'SATOSHI HARA']",2022
Stock Volatility Prediction using Time Series and Deep Learning Approach,2022-10-05 10:03:32+00:00,86,"""http://arxiv.org/pdf/2210.02126v1""",q-fin.CP,"['q-fin.CP', 'cs.LG']","['ANANDA CHATTERJEE', 'HRISAV BHOWMICK', 'JAYDIP SEN']",2022
Development and validation of deep learning based embryo selection across multiple days of transfer,2022-10-05 09:44:13+00:00,87,"""http://arxiv.org/pdf/2210.02120v1""",q-bio.QM,"['q-bio.QM', 'cs.LG', 'eess.IV']","['JACOB THEILGAARD LASSEN', 'MIKKEL FLY KRAGH', 'JENS RIMESTAD', 'MARTIN NYGÅRD JOHANSEN', 'JØRGEN BERNTSEN']",2022
ISFL: Trustworthy Federated Learning for Non-i.i.d. Data with Local Importance Sampling,2022-10-05 09:43:58+00:00,88,"""http://arxiv.org/pdf/2210.02119v1""",cs.LG,"['cs.LG', 'cs.AI', 'cs.DC', 'cs.MA']","['ZHEQI ZHU', 'PINGYI FAN', 'CHENGHUI PENG', 'KHALED B. LETAIEF']",2022
Optimization-Informed Neural Networks,2022-10-05 09:28:55+00:00,89,"""http://arxiv.org/pdf/2210.02113v1""",math.OC,"['math.OC', 'cs.LG', 'cs.NA', 'math.NA']","['DAWEN WU', 'ABDEL LISSER']",2022
Automated Graph Self-supervised Learning via Multi-teacher Knowledge Distillation,2022-10-05 08:39:13+00:00,90,"""http://arxiv.org/pdf/2210.02099v1""",cs.LG,['cs.LG'],"['LIRONG WU', 'YUFEI HUANG', 'HAITAO LIN', 'ZICHENG LIU', 'TIANYU FAN', 'STAN Z. LI']",2022
Teaching Yourself:c Graph Self-Distillation on Neighborhood for Node Classification,2022-10-05 08:35:34+00:00,91,"""http://arxiv.org/pdf/2210.02097v1""",cs.LG,['cs.LG'],"['LIRONG WU', 'JUN XIA', 'HAITAO LIN', 'ZHANGYANG GAO', 'ZICHENG LIU', 'GUOJIANG ZHAO', 'STAN Z. LI']",2022
ChemAlgebra: Algebraic Reasoning on Chemical Reactions,2022-10-05 08:34:44+00:00,92,"""http://arxiv.org/pdf/2210.02095v1""",cs.LG,"['cs.LG', 'physics.chem-ph', 'q-bio.QM']","['ANDREA VALENTI', 'DAVIDE BACCIU', 'ANTONIO VERGARI']",2022
Centralized Feature Pyramid for Object Detection,2022-10-05 08:32:54+00:00,93,"""http://arxiv.org/pdf/2210.02093v1""",cs.CV,['cs.CV'],"['YU QUAN', 'DONG ZHANG', 'LIYAN ZHANG', 'JINHUI TANG']",2022
Functional Central Limit Theorem and Strong Law of Large Numbers for Stochastic Gradient Langevin Dynamics,2022-10-05 08:32:17+00:00,94,"""http://arxiv.org/pdf/2210.02092v1""",math.PR,"['math.PR', 'cs.LG', 'math.OC', '60J05, 60J20']","['ATTILA LOVAS', 'MIKLÓS RÁSONYI']",2022
Tripletformer for Probabilistic Interpolation of Asynchronous Time Series,2022-10-05 08:31:05+00:00,95,"""http://arxiv.org/pdf/2210.02091v1""",cs.LG,['cs.LG'],"['VIJAYA KRISHNA YALAVARTHI', 'JOHANNES BURCHERT', 'LARS SCHMIDT-THIEME']",2022
Transformer-based conditional generative adversarial network for multivariate time series generation,2022-10-05 08:29:33+00:00,96,"""http://arxiv.org/pdf/2210.02089v1""",cs.LG,"['cs.LG', 'cs.AI']","['ABDELLAH MADANE', 'MOHAMED-DJALLEL DILMI', 'FLORENT FOREST', 'HANANE AZZAG', 'MUSTAPHA LEBBAH', 'JEROME LACAILLE']",2022
Bilinear Exponential Family of MDPs: Frequentist Regret Bound with Tractable Exploration and Planning,2022-10-05 08:26:49+00:00,97,"""http://arxiv.org/pdf/2210.02087v1""",cs.LG,['cs.LG'],"['REDA OUHAMMA', 'DEBABROTA BASU', 'ODALRIC-AMBRYM MAILLARD']",2022
Particle swarm optimization of a wind farm layout with active control of turbine yaws,2022-10-05 08:23:18+00:00,98,"""http://arxiv.org/pdf/2210.02084v1""",math.OC,"['math.OC', 'physics.app-ph']","['JEONGHWAN SONG', 'TAEWAN KIM', 'DONGHYUN YOU']",2022
Multi-View Independent Component Analysis with Shared and Individual Sources,2022-10-05 08:23:05+00:00,99,"""http://arxiv.org/pdf/2210.02083v1""",cs.LG,"['cs.LG', 'eess.SP']","['TEODORA PANDEVA', 'PATRICK FORRÉ']",2022
Quantifying hole-motion-induced frustration in doped antiferromagnets by Hamiltonian reconstruction,2022-10-05 17:59:19+00:00,100,"""http://arxiv.org/pdf/2210.02440v1""",cond-mat.quant-gas,"['cond-mat.quant-gas', 'cond-mat.str-el']","['HENNING SCHLÖMER', 'TIMON HILKER', 'IMMANUEL BLOCH', 'ULRICH SCHOLLWÖCK', 'FABIAN GRUSDT', 'ANNABELLE BOHRDT']",2022
ASVspoof 2021: Towards Spoofed and Deepfake Speech Detection in the Wild,2022-10-05 17:57:29+00:00,101,"""http://arxiv.org/pdf/2210.02437v1""",cs.SD,"['cs.SD', 'cs.CR', 'cs.MM', 'eess.AS']","['XUECHEN LIU', 'XIN WANG', 'MD SAHIDULLAH', 'JOSE PATINO', 'HÉCTOR DELGADO', 'TOMI KINNUNEN', 'MASSIMILIANO TODISCO', 'JUNICHI YAMAGISHI', 'NICHOLAS EVANS', 'ANDREAS NAUTSCH', 'KONG AIK LEE']",2022
MOA-2020-BLG-208: Cool Sub-Saturn Planet Within Predicted Desert,2022-10-05 17:55:01+00:00,102,"""http://arxiv.org/pdf/2210.02436v1""",astro-ph.EP,"['astro-ph.EP', 'astro-ph.GA']","['GREG OLMSCHENK', 'DAVID P. BENNETT', 'IAN A. BOND', 'WEICHENG ZANG', 'YOUN KIL JUNG', 'JENNIFER C. YEE', 'ETIENNE BACHELET', 'FUMIO ABE', 'RICHARD K. BARRY', 'APARNA BHATTACHARYA', 'HIROSANE FUJII', 'AKIHIKO FUKUI', 'YUKI HIRAO', 'STELA ISHITANI SILVA', 'YOSHITAKA ITOW', 'RINTARO KIRIKAWA', 'IONA KONDO', 'NAOKI KOSHIMOTO', 'YUTAKA MATSUBARA', 'SHO MATSUMOTO', 'SHOTA MIYAZAKI', 'BRANDON MUNFORD', 'YASUSHI MURAKI', 'ARISA OKAMURA', 'CLÉMENT RANC', 'NICHOLAS J. RATTENBURY', 'YUKI SATOH', 'TAKAHIRO SUMI', 'DAISUKE SUZUKI', 'TAIGA TODA', 'PAUL J. TRISTRAM', 'KATIE VANDOROU', 'HIBIKI YAMA', 'MICHAEL D. ALBROW', 'SANG-MOK CHA', 'SUN-JU CHUNG', 'ANDREW GOULD', 'CHEONGHO HAN', 'KYU-HA HWANG', 'DONG-JIN KIM', 'HYOUN-WOO KIM', 'SEUNG-LEE KIM', 'CHUNG-UK LEE', 'DONG-JOO LEE', 'YONGSEOK LEE', 'BYEONG-GON PARK', 'RICHARD W. POGGE', 'YOON-HYUN RYU', 'IN-GU SHIN', 'YOSSI SHVARTZVALD', 'GRANT CHRISTIE', 'TONY COOPER', 'JOHN DRUMMOND', 'JONATHAN GREEN', 'STEVE HENNERLEY', 'JENNIE MCCORMICK', 'L. A. G. MONARD', 'TIM NATUSCH', 'IAN PORRITT', 'THIAM-GUAN TAN', 'SHUDE MAO', 'DAN MAOZ', 'MATTHEW T. PENNY', 'WEI ZHU', 'V. BOZZA', 'ARNAUD CASSAN', 'MARTIN DOMINIK', 'MARKUS HUNDERTMARK', 'R. FIGUERA JAIMES', 'K. KRUSZYŃSKA', 'K. A. RYBICKI', 'R. A. STREET', 'Y. TSAPRAS', 'JOACHIM WAMBSGANSS', 'Ł. WYRZYKOWSKI', 'P. ZIELIŃSKI', 'GIOIA RAU']",2022
"Incorrect sample classification in ""Electron localization induced by intrinsic anion disorder in a transition metal oxynitride""",2022-10-05 17:50:29+00:00,103,"""http://arxiv.org/pdf/2210.02430v1""",cond-mat.dis-nn,"['cond-mat.dis-nn', 'cond-mat.mtrl-sci', 'cond-mat.str-el']",['A. MOBIUS'],2022
Hilbert space fragmentation and weak thermalization in Bose-Hubbard diamond necklaces,2022-10-05 17:49:28+00:00,104,"""http://arxiv.org/pdf/2210.02429v1""",cond-mat.stat-mech,"['cond-mat.stat-mech', 'cond-mat.quant-gas']","['EULÀLIA NICOLAU', 'ANSELMO M. MARQUES', 'JORDI MOMPART', 'VERÒNICA AHUFINGER', 'RICARDO G. DIAS']",2022
Absence of Operator Growth in the Sachdev--Ye--Kitaev Model for Average Equal-Time Observables,2022-10-05 17:47:52+00:00,105,"""http://arxiv.org/pdf/2210.02427v1""",quant-ph,"['quant-ph', 'cond-mat.dis-nn', 'cond-mat.quant-gas', 'cond-mat.str-el', 'hep-th']","['ALESSIO PAVIGLIANITI', 'SOUMIK BANDYOPADHYAY', 'PHILIPP UHRICH', 'PHILIPP HAUKE']",2022
Halide Perovskite Light Emitting Photodetector,2022-10-05 17:40:45+00:00,106,"""http://arxiv.org/pdf/2210.02424v1""",physics.optics,"['physics.optics', 'cond-mat.mtrl-sci', 'physics.app-ph']","['A. A. MARUNCHENKO', 'V. I. KONDRATIEV', 'A. P. PUSHKAREV', 'S. A. KHUBEZHOV', 'M. A. BARANOV', 'A. G. NASIBULIN', 'S. V. MAKAROV']",2022
Linear scaling of lepton charge asymmetry in $W^\pm$ production in ultra-relativistic nuclear collisions,2022-10-05 17:39:02+00:00,107,"""http://arxiv.org/pdf/2210.02422v1""",hep-ph,"['hep-ph', 'nucl-th']","['AN-KE LEI', 'DAI-MEI ZHOU', 'YU-LIANG YAN', 'XIAO-MING ZHANG', 'LIANG ZHENG', 'DU-JUAN WANG', 'XIAO-MEI LI', 'GANG CHEN', 'XU CAI', 'BEN-HAO SA']",2022
Densities and momentum distributions in A <=12 nuclei from chiral effective field theory interactions,2022-10-05 17:37:16+00:00,108,"""http://arxiv.org/pdf/2210.02421v1""",nucl-th,['nucl-th'],"['M. PIARULLI', 'S. PASTORE', 'R. B. WIRINGA', 'S. BRUSILOW', 'R. LIM']",2022
Probabilistic Representation of Viscosity Solutions to Quasi-Variational Inequalities with Non-Local Drivers,2022-10-05 17:35:59+00:00,109,"""http://arxiv.org/pdf/2210.02417v1""",math.PR,"['math.PR', 'math.OC', '60G40, 93E20, 49L25']",['MAGNUS PERNINGE'],2022
Percolation properties of the neutron population in nuclear reactors,2022-10-05 17:34:30+00:00,110,"""http://arxiv.org/pdf/2210.02413v1""",cond-mat.stat-mech,['cond-mat.stat-mech'],"['BENJAMIN DECHENAUX', 'THOMAS DELCAMBRE', 'ERIC DUMONTEIL']",2022
Sperner systems with restricted differences,2022-10-05 17:29:49+00:00,111,"""http://arxiv.org/pdf/2210.02409v1""",math.CO,"['math.CO', 'math.NT', '05D05, 11B75']","['ZIXIANG XU', 'CHI HOI YIP']",2022
Non-relativistic limit of scalar and Dirac fields in curved spacetime,2022-10-05 17:25:51+00:00,112,"""http://arxiv.org/pdf/2210.02405v1""",hep-th,"['hep-th', 'gr-qc']","['RICCARDO FALCONE', 'CLAUDIO CONTI']",2022
Unified view of quantum superposition and quantum indistinguishability,2022-10-05 17:17:37+00:00,113,"""http://arxiv.org/pdf/2210.02398v1""",quant-ph,['quant-ph'],['ONUR PUSULUK'],2022
Structure of saturated RSA ellipse packings,2022-10-05 17:01:30+00:00,114,"""http://arxiv.org/pdf/2210.02388v1""",cond-mat.soft,['cond-mat.soft'],"['PEDRO ABRITTA', 'ROBERT S. HOY']",2022
Entropy and Temperature in finite isolated quantum systems,2022-10-05 16:48:57+00:00,115,"""http://arxiv.org/pdf/2210.02380v1""",cond-mat.stat-mech,"['cond-mat.stat-mech', 'cond-mat.str-el', 'quant-ph']","['PHILLIP C. BURKE', 'MASUDUL HAQUE']",2022
Twisted bilayered graphenes at magic angles and Casimir interactions: correlation-driven effects,2022-10-05 16:44:49+00:00,116,"""http://arxiv.org/pdf/2210.02378v1""",cond-mat.mes-hall,"['cond-mat.mes-hall', 'cond-mat.mtrl-sci', 'cond-mat.str-el', 'cond-mat.supr-con', 'quant-ph']","['PABLO RODRIGUEZ-LOPEZ', 'DAI-NAM LE', 'MARÍA J. CALDERÓN', 'ELENA BASCONES', 'LILIA M. WOODS']",2022
Rate-Induced Tipping to Metastable Zombie Fires,2022-10-05 16:39:32+00:00,117,"""http://arxiv.org/pdf/2210.02376v1""",math.DS,['math.DS'],"[""EOIN O'SULLIVAN"", 'SEBASTIAN WIECZOREK', 'KIERAN MULCHRONE']",2022
Word of low complexity without uniform frequencies,2022-10-05 16:21:45+00:00,118,"""http://arxiv.org/pdf/2210.02371v1""",math.DS,"['math.DS', '37B10, 37A25, 68R15']","['JULIEN CASSAIGNE', 'IDRISSA KABORÉ']",2022
A Reputation System for Market Security and Equity,2022-10-05 16:06:14+00:00,119,"""http://arxiv.org/pdf/2210.02362v1""",cs.MA,"['cs.MA', 'cs.CY', 'cs.SI']","['ANTON KOLONIN', 'DEBORAH DUONG', 'BEN GOERTZEL', 'CASSIO PENNACHIN', 'MATT IKLÉ', 'NEJC ZNIDAR', 'MARCO ARGENTIERI']",2022
The Power of Duality: Response Time Analysis meets Integer Programming,2022-10-05 16:06:07+00:00,120,"""http://arxiv.org/pdf/2210.02361v1""",cs.DS,"['cs.DS', 'cs.DM']","['MAX A. DEPPERT', 'KLAUS JANSEN']",2022
A Liquid Democracy System for Human-Computer Societies,2022-10-05 15:57:49+00:00,121,"""http://arxiv.org/pdf/2210.02356v1""",cs.MA,"['cs.MA', 'cs.CY', 'cs.SI']","['ANTON KOLONIN', 'BEN GOERTZEL', 'CASSIO PENNACHIN', 'DEBORAH DUONG', 'MARCO ARGENTIERI', 'MATT IKLÉ', 'NEJC ZNIDAR']",2022
Schema Encoding for Transferable Dialogue State Tracking,2022-10-05 15:53:06+00:00,122,"""http://arxiv.org/pdf/2210.02351v1""",cs.CL,['cs.CL'],"['HYUNMIN JEON', 'GARY GEUNBAE LEE']",2022
Spatially Constrained Time-Optimal Motion Planning,2022-10-05 15:49:07+00:00,123,"""http://arxiv.org/pdf/2210.02345v1""",cs.RO,"['cs.RO', 'math.OC']","['JON ARRIZABALAGA', 'MARKUS RYLL']",2022
"When Physical Layer Key Generation Meets RIS: Opportunities, Challenges, and Road Ahead",2022-10-05 15:43:13+00:00,124,"""http://arxiv.org/pdf/2210.02337v1""",cs.CR,['cs.CR'],"['NING GAO', 'YU HAN', 'NANNAN LI', 'SHI JIN', 'MICHAIL MATTHAIOU']",2022
Normalized solutions for Schrödinger systems in dimension two,2022-10-05 15:33:06+00:00,125,"""http://arxiv.org/pdf/2210.02331v1""",math.AP,['math.AP'],"['SHENGBING DENG', 'JUNWEI YU']",2022
Dichotomy of heavy and light pairs of holes in the $t-J$ model,2022-10-05 15:21:20+00:00,126,"""http://arxiv.org/pdf/2210.02322v1""",cond-mat.str-el,"['cond-mat.str-el', 'cond-mat.quant-gas', 'cond-mat.supr-con']","['ANNABELLE BOHRDT', 'EUGENE DEMLER', 'FABIAN GRUSDT']",2022
Bio-inspired polymers with polaritonic properties from visible to infrared: a material playground to mimic purple bacteria light-harvesting resonators,2022-10-05 15:09:12+00:00,127,"""http://arxiv.org/pdf/2210.02315v1""",physics.optics,"['physics.optics', 'cond-mat.soft', 'physics.bio-ph']","['SAMUEL THOMAS HOLDER', 'CARLA ESTÉVEZ-VARELA', 'ISABEL PASTORIZA-SANTOS', 'MARTIN LOPEZ-GARCIA', 'RUTH OULTON', 'SARA NÚÑEZ-SÁNCHEZ']",2022
Fast Pre-scramblers,2022-10-05 14:56:59+00:00,128,"""http://arxiv.org/pdf/2210.02312v1""",hep-th,"['hep-th', 'gr-qc', 'quant-ph']",['OLEG KAIKOV'],2022
Lyapunov stabilization of a nonlocal LWR traffic flow model,2022-10-05 14:52:30+00:00,129,"""http://arxiv.org/pdf/2210.02309v1""",math.OC,"['math.OC', '35L45, 35L65, 93D05']",['JAN FRIEDRICH'],2022
Dynamics of dwarf galaxies in $f(R)$ gravity,2022-10-05 14:47:45+00:00,130,"""http://arxiv.org/pdf/2210.02306v1""",astro-ph.GA,"['astro-ph.GA', 'astro-ph.CO', 'gr-qc']","['IVAN DE MARTINO', 'ANTONALDO DIAFERIO', 'LUISA OSTORERO']",2022
Smooth rigidity for 3-dimensional volume preserving Anosov flows and weighted marked length spectrum rigidity,2022-10-05 14:33:19+00:00,131,"""http://arxiv.org/pdf/2210.02295v1""",math.DS,"['math.DS', 'math.DG']","['ANDREY GOGOLEV', 'FEDERICO RODRIGUEZ HERTZ']",2022
A Reduced Basis Ensemble Kalman Method,2022-10-05 14:07:25+00:00,132,"""http://arxiv.org/pdf/2210.02279v1""",math.NA,"['math.NA', 'cs.NA']","['FRANCESCO A. B. SILVA', 'CECILIA PAGLIANTINI', 'MARTIN GREPL', 'KAREN VEROY']",2022
Novel Radiomic Measurements of Tumor- Associated Vasculature Morphology on Clinical Imaging as a Biomarker of Treatment Response in Multiple Cancers,2022-10-05 13:58:27+00:00,133,"""http://arxiv.org/pdf/2210.02273v1""",q-bio.QM,"['q-bio.QM', 'cs.CV', 'q-bio.TO']","['NATHANIEL BRAMAN', 'PRATEEK PRASANNA', 'KAUSTAV BERA', 'MEHDI ALILOU', 'MOHAMMADHADI KHORRAMI', 'PATRICK LEO', 'MARYAM ETESAMI', 'MANASA VULCHI', 'PAULETTE TURK', 'AMIT GUPTA', 'PRANTESH JAIN', 'PINGFU FU', 'NATHAN PENNELL', 'VAMSIDHAR VELCHETI', 'JAME ABRAHAM', 'DONNA PLECHA', 'ANANT MADABHUSHI']",2022
Chemical diffusion master equation: formulations of reaction--diffusion processes on the molecular level,2022-10-05 13:50:36+00:00,134,"""http://arxiv.org/pdf/2210.02268v1""",cond-mat.stat-mech,"['cond-mat.stat-mech', 'math-ph', 'math.MP', 'math.PR', 'physics.chem-ph', '82-10, 82C22, 82C31, 82M60, 82M10, 65C35, 92-10, 92C40']","['MAURICIO J. DEL RAZO', 'STEFANIE WINKELMANN', 'RUPERT KLEIN', 'FELIX HÖFLING']",2022
Improved local truncation schemes for the higher-order tensor renormalization group method,2022-10-05 13:46:19+00:00,135,"""http://arxiv.org/pdf/2210.02266v1""",hep-lat,"['hep-lat', 'cond-mat.stat-mech']","['JACQUES BLOCH', 'ROBERT LOHMAYER', 'MAXIMILIAN MEISTER', 'MICHAEL NUNHOFER']",2022
Soliton interactions and Yang-Baxter maps for the complex coupled short-pulse equation,2022-10-05 13:45:13+00:00,136,"""http://arxiv.org/pdf/2210.02265v1""",nlin.SI,"['nlin.SI', 'math-ph', 'math.MP']","['VINCENT CAUDRELIER', 'AIKATERINI GKOGKOU', 'BARBARA PRINARI']",2022
Bayesian optimization of discrete dislocation plasticity of two-dimensional precipitation hardened crystals,2022-10-05 13:21:26+00:00,137,"""http://arxiv.org/pdf/2210.02242v1""",cond-mat.mtrl-sci,"['cond-mat.mtrl-sci', 'physics.comp-ph']","['MIKA SARVILAHTI', 'LASSE LAURSON']",2022
Dimensional Data KNN-Based Imputation,2022-10-05 13:17:23+00:00,138,"""http://arxiv.org/pdf/2210.02237v1""",cs.DB,['cs.DB'],"['YUZHAO YANG', 'JÉRÔME DARMONT', 'FRANCK RAVAT', 'OLIVIER TESTE']",2022
Generation of measures by statistics of rotations along sets of integers,2022-10-05 13:12:19+00:00,139,"""http://arxiv.org/pdf/2210.02233v1""",math.CA,"['math.CA', 'math.DS', 'math.NT', '11K06 (Primary) 11K70, 37A30, 37A45 (Secondary)']","['E. LESIGNE', 'A. QUAS', 'J. ROSENBLATT', 'M. WIERDL']",2022
Advances in entanglement-based QKD for space applications,2022-10-05 13:09:36+00:00,140,"""http://arxiv.org/pdf/2210.02229v1""",quant-ph,['quant-ph'],"['SEBASTIAN ECKER', 'JOHANNES PSEINER', 'JORGE PIRIS', 'MARTIN BOHMANN']",2022
CorefDiffs: Co-referential and Differential Knowledge Flow in Document Grounded Conversations,2022-10-05 13:00:17+00:00,141,"""http://arxiv.org/pdf/2210.02223v1""",cs.CL,"['cs.CL', 'cs.AI']","['LIN XU', 'QIXIAN ZHOU', 'JINLAN FU', 'MIN-YEN KAN', 'SEE-KIONG NG']",2022
Maximum likelihood estimation of distribution grid topology and parameters from smart meter data,2022-10-05 12:57:56+00:00,142,"""http://arxiv.org/pdf/2210.02217v1""",eess.SY,"['eess.SY', 'cs.SY', 'stat.AP']","['LISA LAURENT', 'JEAN-SÉBASTIEN BROUILLON', 'GIANCARLO FERRARI-TRECATE']",2022
Equivariant Pyragas control of discrete waves,2022-10-05 12:38:46+00:00,143,"""http://arxiv.org/pdf/2210.02211v1""",math.DS,"['math.DS', '34K20, 34K35, 93C23, 37C81']",['BABETTE DE WOLFF'],2022
In vivo quantification of 3D displacement in sacral soft tissues under compression: Relevance of 2D US-based measurements for pressure ulcer risk assessment,2022-10-05 12:37:58+00:00,144,"""http://arxiv.org/pdf/2210.02210v1""",physics.med-ph,['physics.med-ph'],"['EKATERINA MUKHINA', 'ALESSIO TREBBI', 'PIERRE-YVES ROHAN', 'NATHANAËL CONNESSON', 'YOHAN PAYAN']",2022
On higher-dimensional superintegrable systems: A new family of classical and quantum Hamiltonian models,2022-10-05 12:35:20+00:00,145,"""http://arxiv.org/pdf/2210.02208v1""",math-ph,"['math-ph', 'math.MP', 'nlin.SI', '70H06']","['MIGUEL A. RODRIGUEZ', 'PIERGIULIO TEMPESTA']",2022
Generalized Moving Horizon Estimation for Nonlinear Systems with Robustness to Measurement Outliers,2022-10-05 11:48:48+00:00,146,"""http://arxiv.org/pdf/2210.02166v1""",eess.SY,"['eess.SY', 'cs.SY']","['WENHAN CAO', 'CHANG LIU', 'ZHIQIAN LAN', 'YINGXI PIAO', 'SHENGBO EBEN LI']",2022
Determining parameters of a spherical black hole with thin accretion disk by observing its shadow,2022-10-05 11:47:14+00:00,147,"""http://arxiv.org/pdf/2210.02164v1""",gr-qc,"['gr-qc', 'astro-ph.HE']","['KENTA HIOKI', 'UMPEI MIYAMOTO']",2022
Domain wall melting across a defect,2022-10-05 11:44:36+00:00,148,"""http://arxiv.org/pdf/2210.02162v1""",cond-mat.stat-mech,['cond-mat.stat-mech'],"['LUCA CAPIZZI', 'STEFANO SCOPA', 'FEDERICO ROTTOLI', 'PASQUALE CALABRESE']",2022
Active control of narrowband thermal emission with phase-change materials,2022-10-05 11:25:18+00:00,149,"""http://arxiv.org/pdf/2210.02155v1""",physics.optics,"['physics.optics', 'physics.app-ph']","['MAXIME GITEAU', 'MITRADEEP SARKAR', 'MARIA PAULA AYALA', 'MICHAEL T. ENDERS', 'GEORGIA T. PAPADAKIS']",2022
Hyperuniformity and non-hyperuniformity of quasicrystals,2022-10-05 11:13:35+00:00,150,"""http://arxiv.org/pdf/2210.02151v1""",math-ph,"['math-ph', 'math.DS', 'math.MP', 'math.NT', 'math.PR']","['MICHAEL BJÖRKLUND', 'TOBIAS HARTNICK']",2022
Sequential sum-of-squares programming for analysis of nonlinear systems,2022-10-05 10:52:27+00:00,151,"""http://arxiv.org/pdf/2210.02142v1""",math.OC,"['math.OC', 'cs.SY', 'eess.SY']","['TORBJØRN CUNIS', 'BENOÎT LEGAT']",2022
The magnetic properties of the iron phthalocyanine molecule grafted to the Ti$_2$C MXene layer,2022-10-05 10:52:13+00:00,152,"""http://arxiv.org/pdf/2210.02141v1""",cond-mat.mtrl-sci,['cond-mat.mtrl-sci'],"['ALEKSEI KOSHEVARNIKOV', 'TOMI KETOLAINEN', 'JACEK A. MAJEWSKI']",2022
The Effect of Defects on Magnetic Droplet Nucleation,2022-10-05 10:42:10+00:00,153,"""http://arxiv.org/pdf/2210.02138v1""",cond-mat.stat-mech,['cond-mat.stat-mech'],"['FEDERICO ETTORI', 'TIMOTHY J. SLUCKIN', 'PAOLO BISCARI']",2022
Direct TEM observation and quantification of the Gibbs-Thomson effect in a nickel superalloy,2022-10-05 10:33:36+00:00,154,"""http://arxiv.org/pdf/2210.02133v1""",cond-mat.mtrl-sci,['cond-mat.mtrl-sci'],"['CHRYSSANTHI PAPADAKI', 'WEI LI', 'CHRISTOPHER S. ALLEN', 'MOHSEN DANAIE', 'LEÓN ROMANO BRANDT', 'ALEXANDER M. KORSUNSKY']",2022
On the Influence of Cognitive Styles on Users' Understanding of Explanations,2022-10-05 09:50:44+00:00,155,"""http://arxiv.org/pdf/2210.02123v1""",cs.HC,['cs.HC'],"['LARA RIEFLE', 'PATRICK HEMMER', 'CARINA BENZ', 'MICHAEL VÖSSING', 'JANNIK PRIES']",2022
SIR-HUXt -- a particle filter data assimilation scheme for assimilating CME time-elongation profiles,2022-10-05 09:48:57+00:00,156,"""http://arxiv.org/pdf/2210.02122v1""",astro-ph.SR,"['astro-ph.SR', 'physics.space-ph']","['LUKE BARNARD', 'MATHEW OWENS', 'CHRIS SCOTT', 'MATTHEW LANG', 'MIKE LOCKWOOD']",2022
Relaxation approximation and asymptotic stability of stratified solutions to the IPM equation,2022-10-05 09:43:12+00:00,157,"""http://arxiv.org/pdf/2210.02118v1""",math.AP,"['math.AP', 'math-ph', 'math.MP', '35Q35, 35B40, 76N1']","['ROBERTA BIANCHINI', 'TIMOTHÉE CRIN-BARAT', 'MARIUS PAICU']",2022
On a discrete framework of hypocoercivity for kinetic equations,2022-10-05 09:10:55+00:00,158,"""http://arxiv.org/pdf/2210.02107v1""",math.AP,"['math.AP', 'cs.NA', 'math.NA']","['ALAIN BLAUSTEIN', 'FRANCIS FILBET']",2022
An Architectural Approach to Creating a Cloud Application for Developing Microservices,2022-10-05 08:51:42+00:00,159,"""http://arxiv.org/pdf/2210.02102v1""",cs.DC,"['cs.DC', 'cs.NI']","['A. N. M. SAJEDUL ALAM', 'JUNAID BIN KIBRIA', 'AL HASIB MAHAMUD', 'ARNOB KUMAR DEY', 'HASAN MUHAMMED ZAHIDUL AMIN', 'MD SABBIR HOSSAIN', 'ANNAJIAT ALIM RASEL']",2022
Unconditional convergence of conservative spectral Galerkin methods for the coupled fractional nonlinear Klein-Gordon-Schrödinger equations,2022-10-05 08:50:35+00:00,160,"""http://arxiv.org/pdf/2210.02101v1""",math.NA,"['math.NA', 'cs.NA', 'math.DS']","['DONGDONG HU', 'YAYUN FU', 'WENJUN CAI', 'YUSHUN WANG']",2022
Joint Communication and Computation in Hybrid Cloud/Mobile Edge Computing Networks,2022-10-05 08:30:49+00:00,161,"""http://arxiv.org/pdf/2210.02090v1""",cs.IT,"['cs.IT', 'math.IT']","['ROBERT-JERON REIFERT', 'HAYSSAM DAHROUJ', 'BASEM SHIHADA', 'AYDIN SEZGIN', 'TAREQ Y. AL-NAFFOURI', 'MOHAMED-SLIM ALOUINI']",2022
Diffusive Fluctuations in Hard Rods System,2022-10-05 08:13:08+00:00,162,"""http://arxiv.org/pdf/2210.02079v1""",math-ph,"['math-ph', 'math.MP', 'math.PR']","['STEFANO OLLA', 'PABLO FERRARI']",2022
Impact of substrates and quantum effects on exciton line shapes of 2D semiconductors at room temperature,2022-10-05 07:34:40+00:00,163,"""http://arxiv.org/pdf/2210.02064v1""",cond-mat.mes-hall,['cond-mat.mes-hall'],"['JORIK VAN DE GROEP', 'QITONG LI', 'JUNG-HWAN SONG', 'PIETER G. KIK', 'MARK L. BRONGERSMA']",2022
"Establishing the accuracy of asteroseismic mass and radius estimates of giant stars III. KIC4054905, an eclipsing binary with two 10 Gyr thick disk RGB stars",2022-10-05 07:26:06+00:00,164,"""http://arxiv.org/pdf/2210.02059v1""",astro-ph.SR,"['astro-ph.SR', 'astro-ph.IM']","['K. BROGAARD', 'T. ARENTOFT', 'D. SLUMSTRUP', 'F. GRUNDAHL', 'M. N. LUND', 'L. ARNDT', 'S. GRUND', 'J. RUDRASINGAM', 'A. THEIL', 'K. CHRISTENSEN', 'M. SEJERSEN', 'F. VORGOD', 'L. SALMONSEN', 'L. ØRTOFT ENDELT', 'S. DAINESE', 'S. FRANDSEN', 'A. MIGLIO', 'J. TAYAR', 'D. HUBER']",2022
Direct evidence of a charge depletion region at the interface of Van der Waals monolayers and dielectric oxides: The case of superconducting FeSe/STO,2022-10-05 07:23:01+00:00,165,"""http://arxiv.org/pdf/2210.02058v1""",cond-mat.supr-con,"['cond-mat.supr-con', 'cond-mat.str-el']","['KHALIL ZAKERI', 'DOMINIK RAU', 'JANEK WETTSTEIN', 'MARKUS DÖTTLING', 'JASMIN JANDKE', 'FANG YANG', 'WULF WULFHEKEL', 'JÖRG SCHMALIAN']",2022
Placing by Touching: An empirical study on the importance of tactile sensing for precise object placing,2022-10-05 07:13:03+00:00,166,"""http://arxiv.org/pdf/2210.02054v1""",cs.RO,['cs.RO'],"['LUCA LACH', 'NIKLAS FUNK', 'ROBERT HASCHKE', 'SEVERIN LEMAIGNAN', 'HELGE JOACHIM RITTER', 'JAN PETERS', 'GEORGIA CHALVATZAKI']",2022
Joint Beamforming Designs for Active Reconfigurable Intelligent Surface: A Sub-Connected Array Architecture,2022-10-05 07:04:20+00:00,167,"""http://arxiv.org/pdf/2210.02053v1""",eess.SP,['eess.SP'],"['QI ZHU', 'MING LI', 'RANG LIU', 'YANG LIU', 'QIAN LIU']",2022
Thouless pumping and topology,2022-10-05 06:51:56+00:00,168,"""http://arxiv.org/pdf/2210.02050v1""",cond-mat.quant-gas,"['cond-mat.quant-gas', 'cond-mat.mes-hall']","['ROBERTA CITRO', 'MONIKA AIDELSBURGER']",2022
Investigation of wetting layers in InAs/GaAs self-assembled nanostructures with reflectance difference spectroscopy,2022-10-05 06:49:59+00:00,169,"""http://arxiv.org/pdf/2210.02049v1""",cond-mat.mtrl-sci,['cond-mat.mtrl-sci'],"['H. Y. ZHANG', 'Y. H. CHEN', 'Z. G. WANG']",2022
Non-equilibrium dynamics in a three state opinion formation model with stochastic extreme switches,2022-10-05 06:29:20+00:00,170,"""http://arxiv.org/pdf/2210.02043v1""",cond-mat.stat-mech,"['cond-mat.stat-mech', 'physics.soc-ph']","['KATHAKALI BISWAS', 'PARONGAMA SEN']",2022
Conjugate Fillings and Legendrian Weaves,2022-10-05 06:17:33+00:00,171,"""http://arxiv.org/pdf/2210.02039v1""",math.SG,"['math.SG', 'math.CO', 'math.GT', '53D12, 57K43, 13F60']","['ROGER CASALS', 'WENYUAN LI']",2022
MOTSLAM: MOT-assisted monocular dynamic SLAM using single-view depth estimation,2022-10-05 06:07:10+00:00,172,"""http://arxiv.org/pdf/2210.02038v1""",cs.CV,['cs.CV'],"['HANWEI ZHANG', 'HIDEAKI UCHIYAMA', 'SHINTARO ONO', 'HIROSHI KAWASAKI']",2022
Ask Me Anything: A simple strategy for prompting language models,2022-10-05 17:59:45+00:00,173,"""http://arxiv.org/pdf/2210.02441v1""",cs.CL,['cs.CL'],"['SIMRAN ARORA', 'AVANIKA NARAYAN', 'MAYEE F. CHEN', 'LAUREL J. ORR', 'NEEL GUHA', 'KUSH BHATIA', 'INES CHAMI', 'FREDERIC SALA', 'CHRISTOPHER RÉ']",2022
Gradual C0: Symbolic Execution for Efficient Gradual Verification,2022-10-05 17:48:14+00:00,174,"""http://arxiv.org/pdf/2210.02428v1""",cs.LO,"['cs.LO', 'F.3.1']","['JENNA DIVINCENZO', 'IAN MCCORMACK', 'HEMANT GOUNI', 'JACOB GORENBURG', 'MONA ZHANG', 'CONRAD ZIMMERMAN', 'JOSHUA SUNSHINE', 'ÉRIC TANTER', 'JONATHAN ALDRICH']",2022
Medical Image Retrieval via Nearest Neighbor Search on Pre-trained Image Features,2022-10-05 17:21:11+00:00,175,"""http://arxiv.org/pdf/2210.02401v1""",cs.CV,"['cs.CV', 'cs.AI']","['DEEPAK GUPTA', 'RUSSELL LOANE', 'SOUMYA GAYEN', 'DINA DEMNER-FUSHMAN']",2022
Feedback reconstruction techniques for optimal control problems on a tree structure,2022-10-05 16:34:25+00:00,176,"""http://arxiv.org/pdf/2210.02375v1""",math.NA,"['math.NA', 'cs.NA']","['ALESSANDRO ALLA', 'LUCA SALUZZI']",2022
Crowdsourcing and Sidewalk Data: A Preliminary Study on the Trustworthiness of OpenStreetMap Data in the US,2022-10-05 15:52:56+00:00,177,"""http://arxiv.org/pdf/2210.02350v1""",cs.CY,['cs.CY'],"['KAZI SHAHRUKH OMAR', 'GUSTAVO MOREIRA', 'DANIEL HODCZAK', 'MARYAM HOSSEINI', 'FABIO MIRANDA']",2022
Maximizing the Validity of the Gaussian Approximation for the biphoton State from Parametric Downconversion,2022-10-05 15:47:04+00:00,178,"""http://arxiv.org/pdf/2210.02340v1""",quant-ph,['quant-ph'],"['BAGHDASAR BAGHDASARYAN', 'FABIAN STEINLECHNER', 'STEPHAN FRITZSCHE']",2022
Informed sampling-based trajectory planner for automated driving in dynamic urban environments,2022-10-05 15:41:41+00:00,179,"""http://arxiv.org/pdf/2210.02335v1""",math.OC,"['math.OC', 'cs.RO']","['ROBIN SMIT', 'CHRIS VAN DER PLOEG', 'ARJAN TEERHUIS', 'EMILIA SILVAS']",2022
Pairing of holes by confining strings in antiferromagnets,2022-10-05 15:21:20+00:00,180,"""http://arxiv.org/pdf/2210.02321v1""",cond-mat.str-el,"['cond-mat.str-el', 'cond-mat.quant-gas', 'cond-mat.supr-con']","['FABIAN GRUSDT', 'EUGENE DEMLER', 'ANNABELLE BOHRDT']",2022
Proposal for Measurement of the Two-body Neutron Decay using Microcalorimeter,2022-10-05 15:05:59+00:00,181,"""http://arxiv.org/pdf/2210.02314v1""",hep-ex,"['hep-ex', 'nucl-ex', 'physics.atom-ph']","['ZHANG SHUO', 'WANG SONG-LIN', 'ZHOU JIAN-RONG', 'WU WEN-TAO', 'XIA JING-KAI', 'ZHANG RUI-TIAN', 'ZHANG LE']",2022
The Assembly of Black Hole Mass and Luminosity Functions of High-redshift Quasars via Multiple Accretion Episodes,2022-10-05 14:50:27+00:00,182,"""http://arxiv.org/pdf/2210.02308v1""",astro-ph.GA,['astro-ph.GA'],"['WENXIU LI', 'KOHEI INAYOSHI', 'MASAFUSA ONOUE', 'DAISUKE TOYOUCHI']",2022
Scalar overproduction in standard cosmology and predictivity of non-thermal dark matter,2022-10-05 14:31:12+00:00,183,"""http://arxiv.org/pdf/2210.02293v1""",hep-ph,"['hep-ph', 'astro-ph.CO', 'gr-qc', 'hep-th']",['OLEG LEBEDEV'],2022
Double-Ended Palindromic Trees: A Linear-Time Data Structure and Its Applications,2022-10-05 14:28:46+00:00,184,"""http://arxiv.org/pdf/2210.02292v1""",cs.DS,"['cs.DS', 'cs.DM', 'cs.IR']","['QISHENG WANG', 'MING YANG', 'XINRUI ZHU']",2022
Progressive Denoising Model for Fine-Grained Text-to-Image Generation,2022-10-05 14:27:20+00:00,185,"""http://arxiv.org/pdf/2210.02291v1""",cs.CV,['cs.CV'],"['ZHENGCONG FEI', 'MINGYUAN FAN', 'JUNSHI HUANG', 'XIAOMING WEI', 'XIAOLIN WEI']",2022
"Crowding out the truth? A simple model of misinformation, polarization and meaningful social interactions",2022-10-05 13:26:08+00:00,186,"""http://arxiv.org/pdf/2210.02248v1""",cs.SI,"['cs.SI', 'cs.CY', '91C99', 'J.4']","['FABRIZIO GERMANO', 'VICENÇ GÓMEZ', 'FRANCESCO SOBBRIO']",2022
Soot particle size distribution reconstruction in a turbulent sooting flame with the split-based extended quadrature method of moments,2022-10-05 12:59:27+00:00,187,"""http://arxiv.org/pdf/2210.02219v1""",physics.flu-dyn,['physics.flu-dyn'],"['FEDERICA FERRARO', 'SANDRO GIERTH', 'STEFFEN SALENBAUCH', 'WANG HAN', 'CHRISTIAN HASSE']",2022
Soliton interactions with an external forcing: the modified Korteweg-de Vries framework,2022-10-05 12:13:27+00:00,188,"""http://arxiv.org/pdf/2210.02180v1""",physics.flu-dyn,['physics.flu-dyn'],"['MARCELO V. FLAMARION', 'EFIM PELINOVSKY']",2022
Assessment of a new sub-grid model for magneto-hydrodynamical turbulence. I. Magnetorotational instability,2022-10-05 12:02:03+00:00,189,"""http://arxiv.org/pdf/2210.02173v1""",astro-ph.HE,"['astro-ph.HE', 'astro-ph.SR', 'physics.flu-dyn']","['MIQUEL MIRAVET-TENÉS', 'PABLO CERDÁ-DURÁN', 'MARTIN OBERGAULINGER', 'JOSÉ A. FONT']",2022
Graphie: A network-based visual interface for UK's Primary Legislation,2022-10-05 11:47:20+00:00,190,"""http://arxiv.org/pdf/2210.02165v1""",cs.CY,"['cs.CY', 'physics.soc-ph']","['EVAN TZANIS', 'PIERPAOLO VIVO', 'YANIK-PASCAL FÖRSTER', 'LUCA GAMBERI', 'ALESSIA ANNIBALE']",2022
Spin current and chirality degrees of freedom inherent in localized electron orbitals,2022-10-05 11:04:29+00:00,191,"""http://arxiv.org/pdf/2210.02148v1""",cond-mat.str-el,"['cond-mat.str-el', 'cond-mat.mtrl-sci']","['SHINTARO HOSHINO', 'MICHI-TO SUZUKI', 'HIROAKI IKEDA']",2022
"On the interaction between the island divertor heat fluxes, the scrape-off layer radial electric field and the edge turbulence in Wendelstein 7-X plasmas",2022-10-05 10:34:10+00:00,192,"""http://arxiv.org/pdf/2210.02134v1""",physics.plasm-ph,['physics.plasm-ph'],"['E. MARAGKOUDAKIS', 'D. CARRALERO', 'T. ESTRADA', 'T. WINDISCH', 'Y. GAO', 'C. KILLER', 'M. JAKUBOWSKI', 'A. PUIG SITJES', 'F. PISANO', 'H. SÁNDOR', 'M. VECSEI', 'S. ZOLETNIK', 'A. CAPPA', 'THE WENDELSTEIN 7-X TEAM']",2022
Visual-Inertial and Leg Odometry Fusion for Dynamic Locomotion,2022-10-05 10:18:42+00:00,193,"""http://arxiv.org/pdf/2210.02127v1""",cs.RO,['cs.RO'],"['VICTOR DHÉDIN', 'HAOLONG LI', 'SHAHRAM KHORSHIDI', 'LUKAS MACK', 'ADITHYA KUMAR CHINNAKKONDA RAVI', 'AVADESH MEDURI', 'PAARTH SHAH', 'FELIX GRIMMINGER', 'LUDOVIC RIGHETTI', 'MAJID KHADIV', 'JOERG STUECKLER']",2022
Lepton Flavour Violation Tests of Type II Seesaw Leptogenesis,2022-10-05 09:19:05+00:00,194,"""http://arxiv.org/pdf/2210.02110v1""",hep-ph,['hep-ph'],"['N. D. BARRIE', 'S. T. PETCOV']",2022
The Trilinear Higgs Self-Couplings at ${\cal O}(α_t^2)$ in the CP-Violating NMSSM,2022-10-05 09:02:01+00:00,195,"""http://arxiv.org/pdf/2210.02104v1""",hep-ph,['hep-ph'],"['CHRISTOPH BORSCHENSKY', 'THI NHUNG DAO', 'MARTIN GABELMANN', 'MARGARETE MÜHLLEITNER', 'HEIDI RZEHAK']",2022
Asteroid spin-states of a 4 Gyr collisional family,2022-10-05 08:35:02+00:00,196,"""http://arxiv.org/pdf/2210.02096v1""",astro-ph.EP,['astro-ph.EP'],"['D. ATHANASOPOULOS', 'J. HANUS', 'C. AVDELLIDOU', 'R. BONAMICO', 'M. DELBO', 'M. CONJAT', 'A. FERRERO', 'K. GAZEAS', 'J. P. RIVET', 'N. SIOULAS', 'G. VAN BELLE', 'P. ANTONINI', 'M. AUDEJEAN', 'R. BEHREND', 'L. BERNASCONI', 'J. W. BRINSFIELD', 'S. BROUILLARD', 'L. BRUNETTO', 'M. FAUVAUD', 'S. FAUVAUD', 'R. GONZÁLEZ', 'D. HIGGINS', 'T. W. -S. HOLOIEN', 'G. KOBBER', 'R. A. KOFF', 'A. KRYSZCZYNSKA', 'F. LIVET', 'A. MARCINIAK', 'J. OEY', 'O. PEJCHA', 'J. J. RIVES', 'R. ROY']",2022
Probabilistic Verification of Approximate Algorithms with Unstructured Errors: Application to Fully Inexact Generalized ADMM,2022-10-05 08:34:25+00:00,197,"""http://arxiv.org/pdf/2210.02094v1""",math.OC,"['math.OC', 'eess.SP']","['ANIS HAMADOUCHE', 'YUN WU', 'ANDREW M. WALLACE', 'JOAO F. C. MOTA']",2022
Jitter Does Matter: Adapting Gaze Estimation to New Domains,2022-10-05 08:20:41+00:00,198,"""http://arxiv.org/pdf/2210.02082v1""",cs.CV,['cs.CV'],"['RUICONG LIU', 'YIWEI BAO', 'MINGJIE XU', 'HAOFEI WANG', 'YUNFEI LIU', 'FENG LU']",2022
Gravitational microlensing by dressed primordial black holes,2022-10-05 08:09:29+00:00,199,"""http://arxiv.org/pdf/2210.02078v1""",astro-ph.CO,"['astro-ph.CO', 'gr-qc', 'hep-ph']","['RONG-GEN CAI', 'TAN CHEN', 'SHAO-JIANG WANG', 'XING-YU YANG']",2022
On the Learning Mechanisms in Physical Reasoning,2022-10-05 07:57:15+00:00,200,"""http://arxiv.org/pdf/2210.02075v1""",cs.LG,"['cs.LG', 'cs.AI', 'cs.CV']","['SHIQIAN LI', 'KEWEN WU', 'CHI ZHANG', 'YIXIN ZHU']",2022
Fraunhofer pattern in the presence of Majorana zero modes,2022-10-05 07:37:53+00:00,201,"""http://arxiv.org/pdf/2210.02065v1""",cond-mat.mes-hall,['cond-mat.mes-hall'],"['F. DOMINGUEZ', 'E. G. NOVIK', 'P. RECHER']",2022
Partial Tail Correlation for Extremes,2022-10-05 06:45:49+00:00,202,"""http://arxiv.org/pdf/2210.02048v1""",stat.ME,['stat.ME'],"['JEONGJIN LEE', 'DANIEL COOLEY']",2022
DreamShard: Generalizable Embedding Table Placement for Recommender Systems,2022-10-05 05:12:02+00:00,203,"""http://arxiv.org/pdf/2210.02023v1""",cs.LG,['cs.LG'],"['DAOCHEN ZHA', 'LOUIS FENG', 'QIAOYU TAN', 'ZIRUI LIU', 'KWEI-HERNG LAI', 'BHARGAV BHUSHANAM', 'YUANDONG TIAN', 'ARUN KEJARIWAL', 'XIA HU']",2022
Infectious Probability Analysis on COVID-19 Spreading with Wireless Edge Networks,2022-10-05 04:26:48+00:00,204,"""http://arxiv.org/pdf/2210.02017v1""",cs.SI,"['cs.SI', 'cs.CR', 'cs.CY', 'cs.NI']","['XURAN LI', 'SHUAISHUAI GUO', 'HONG-NING DAI', 'DENGWANG LI']",2022
Multi-task Self-supervised Graph Neural Networks Enable Stronger Task Generalization,2022-10-05 04:09:38+00:00,205,"""http://arxiv.org/pdf/2210.02016v1""",cs.LG,['cs.LG'],"['MINGXUAN JU', 'TONG ZHAO', 'QIANLONG WEN', 'WENHAO YU', 'NEIL SHAH', 'YANFANG YE', 'CHUXU ZHANG']",2022
Conformalized Fairness via Quantile Regression,2022-10-05 04:04:15+00:00,206,"""http://arxiv.org/pdf/2210.02015v1""",stat.ML,"['stat.ML', 'cs.CY', 'cs.LG']","['MEICHEN LIU', 'LEI DING', 'DENGDENG YU', 'WULONG LIU', 'LINGLONG KONG', 'BEI JIANG']",2022
Threshold cascade dynamics on signed random networks,2022-10-05 03:54:38+00:00,207,"""http://arxiv.org/pdf/2210.02011v1""",physics.soc-ph,"['physics.soc-ph', 'cond-mat.stat-mech']","['KYU-MIN LEE', 'SUNGMIN LEE', 'BYUNGJOON MIN', 'K. -I. GOH']",2022
Multi-Camera Collaborative Depth Prediction via Consistent Structure Estimation,2022-10-05 03:44:34+00:00,208,"""http://arxiv.org/pdf/2210.02009v1""",cs.CV,['cs.CV'],"['JIALEI XU', 'XIANMING LIU', 'YUANCHAO BAI', 'JUNJUN JIANG', 'KAIXUAN WANG', 'XIAOZHI CHEN', 'XIANGYANG JI']",2022
Systematic calculations of cluster radioactivity half-lives in trans-lead nuclei,2022-10-05 03:35:31+00:00,209,"""http://arxiv.org/pdf/2210.02004v1""",nucl-th,['nucl-th'],"['LINJING-QI. DONGMENG-ZHANG. SONG-LUO. XIAOHUA-LI. XIJUN-WU', 'CHUNTIAN-LIANG']",2022
Partial Equilibration Scenario in 3D athermal martensites quenched below first-order transition temperatures,2022-10-05 03:14:45+00:00,210,"""http://arxiv.org/pdf/2210.01997v1""",cond-mat.stat-mech,"['cond-mat.stat-mech', 'cond-mat.mtrl-sci']","['N. SHANKARAIAH', 'K. P. N. MURTHY', 'S. R. SHENOY']",2022
Analysis of the Contribution of Quantum Anomaly Energy to Proton Mass,2022-10-05 03:00:12+00:00,211,"""http://arxiv.org/pdf/2210.01994v1""",hep-ph,['hep-ph'],"['XIAO-YUN WANG', 'JINGXUAN BU', 'FANCONG ZENG']",2022
Capturing the dynamics of a two orifice silo with the μ(I) model and extensions,2022-10-05 02:50:18+00:00,212,"""http://arxiv.org/pdf/2210.01992v1""",cond-mat.soft,['cond-mat.soft'],"['SAMUEL K IRVINE', 'LUKE A FULLARD', 'DANIEL J HOLLAND', 'DANIEL A CLARKE', 'THOMASIN A LYNCH', 'PIERRE-YVES LAGRÉE']",2022
A Multi-Stage Automated Online Network Data Stream Analytics Framework for IIoT Systems,2022-10-05 02:18:36+00:00,213,"""http://arxiv.org/pdf/2210.01985v1""",cs.LG,"['cs.LG', 'cs.CR', 'cs.NI', '68T01, 60L10, 68W27', 'I.2.1; I.2.6; C.2.0']","['LI YANG', 'ABDALLAH SHAMI']",2022
The correlation between WISE 12 $μ$m emission and molecular gas tracers on sub-kpc scales in nearby star-forming galaxies,2022-10-05 01:30:05+00:00,214,"""http://arxiv.org/pdf/2210.01982v1""",astro-ph.GA,['astro-ph.GA'],"['YANG GAO', 'QING-HUA TAN', 'YU GAO', 'MIN FANG', 'RYAN CHOWN', 'QIAN JIAO', 'CHUN-SHENG LUO']",2022
Robust Estimation of Loss-Based Measures of Model Performance under Covariate Shift,2022-10-05 01:25:56+00:00,215,"""http://arxiv.org/pdf/2210.01980v1""",stat.ME,['stat.ME'],"['SAMANTHA MORRISON', 'CONSTANTINE GATSONIS', 'ISSA J. DAHABREH', 'BING LI', 'JON A. STEINGRIMSSON']",2022
Towards Prototype-Based Self-Explainable Graph Neural Network,2022-10-05 00:47:42+00:00,216,"""http://arxiv.org/pdf/2210.01974v1""",cs.LG,"['cs.LG', 'cs.AI']","['ENYAN DAI', 'SUHANG WANG']",2022
Meta-Ensemble Parameter Learning,2022-10-05 00:47:24+00:00,217,"""http://arxiv.org/pdf/2210.01973v1""",cs.CV,"['cs.CV', 'cs.LG']","['ZHENGCONG FEI', 'SHUMAN TIAN', 'JUNSHI HUANG', 'XIAOMING WEI', 'XIAOLIN WEI']",2022
The Calibration Generalization Gap,2022-10-05 00:04:56+00:00,218,"""http://arxiv.org/pdf/2210.01964v1""",cs.LG,"['cs.LG', 'cs.AI', 'cs.CV', 'stat.ML']","['ANNABELLE CARRELL', 'NEIL MALLINAR', 'JAMES LUCAS', 'PREETUM NAKKIRAN']",2022
Validity of path thermodynamic description of reactive systems: Microscopic simulations,2022-10-04 22:59:41+00:00,219,"""http://arxiv.org/pdf/2210.01952v1""",cond-mat.stat-mech,"['cond-mat.stat-mech', 'physics.chem-ph']","['F. BARAS', 'A. L. GARCIA', 'M. MALEK MANSOUR']",2022
A Framework for Large Scale Synthetic Graph Dataset Generation,2022-10-04 22:41:33+00:00,220,"""http://arxiv.org/pdf/2210.01944v1""",cs.LG,"['cs.LG', 'cs.SI']","['SAJAD DARABI', 'PIOTR BIGAJ', 'DAWID MAJCHROWSKI', 'PAWEL MORKISZ', 'ALEX FIT-FLOREA']",2022
A catalog of candidate double and lensed quasars from Gaia and WISE data,2022-10-04 22:19:32+00:00,221,"""http://arxiv.org/pdf/2210.01937v1""",astro-ph.GA,['astro-ph.GA'],"['VALERI V. MAKAROV', 'NATHAN J. SECREST']",2022
"When and why vision-language models behave like bag-of-words models, and what to do about it?",2022-10-04 22:13:25+00:00,222,"""http://arxiv.org/pdf/2210.01936v1""",cs.CV,"['cs.CV', 'cs.AI', 'cs.CL', 'cs.LG']","['MERT YUKSEKGONUL', 'FEDERICO BIANCHI', 'PRATYUSHA KALLURI', 'DAN JURAFSKY', 'JAMES ZOU']",2022
PreprintMatch: a tool for preprint publication detection applied to analyze global inequities in scientific publishing,2022-10-04 22:09:45+00:00,223,"""http://arxiv.org/pdf/2210.01933v1""",cs.DL,['cs.DL'],"['PETER ECKMANN', 'ANITA BANDROWSKI']",2022
Extremely large nonlinear response in crystalline quartz at THz frequencies,2022-10-04 21:49:16+00:00,224,"""http://arxiv.org/pdf/2210.01926v1""",physics.optics,['physics.optics'],"['SOHEIL ZIBOD', 'PAYMAN RASEKH', 'MURAT YILDRIM', 'WEI CUI', 'RAVI BHARDWAJ', 'JEAN-MICHEL MÉNARD', 'ROBERT W. BOYD', 'KSENIA DOLGALEVA']",2022
Dfferentiable Raycasting for Self-supervised Occupancy Forecasting,2022-10-04 21:35:21+00:00,225,"""http://arxiv.org/pdf/2210.01917v1""",cs.CV,"['cs.CV', 'cs.RO']","['TARASHA KHURANA', 'PEIYUN HU', 'ACHAL DAVE', 'JASON ZIGLAR', 'DAVID HELD', 'DEVA RAMANAN']",2022
Fast and Slow Optimal Trading with Exogenous Information,2022-10-04 20:51:11+00:00,226,"""http://arxiv.org/pdf/2210.01901v1""",q-fin.TR,"['q-fin.TR', '49N70, 49N90, 93E20, 60H30']","['ALESSANDRO MICHELI', 'EYAL NEUMAN']",2022
The effect of nanoflare flows on EUV spectral lines,2022-10-04 20:36:21+00:00,227,"""http://arxiv.org/pdf/2210.01896v1""",astro-ph.SR,"['astro-ph.SR', 'physics.plasm-ph', 'physics.space-ph']","['MARCELO LÓPEZ FUENTES', 'JAMES A. KLIMCHUK']",2022
Self-supervised Pre-training for Semantic Segmentation in an Indoor Scene,2022-10-04 20:10:14+00:00,228,"""http://arxiv.org/pdf/2210.01884v1""",cs.CV,['cs.CV'],"['SULABH SHRESTHA', 'YIMENG LI', 'JANA KOSECKA']",2022
Contrastive Learning Can Find An Optimal Basis For Approximately View-Invariant Functions,2022-10-04 20:02:52+00:00,229,"""http://arxiv.org/pdf/2210.01883v1""",cs.LG,['cs.LG'],"['DANIEL D. JOHNSON', 'AYOUB EL HANCHI', 'CHRIS J. MADDISON']",2022
Uncertainty-Aware Meta-Learning for Multimodal Task Distributions,2022-10-04 20:02:25+00:00,230,"""http://arxiv.org/pdf/2210.01881v1""",cs.LG,"['cs.LG', 'cs.AI']","['CESAR ALMECIJA', 'APOORVA SHARMA', 'NAVID AZIZAN']",2022
Insights into the behavior of certain optical systems gleaned from Feynman's approach to quantum electrodynamics,2022-10-04 19:35:13+00:00,231,"""http://arxiv.org/pdf/2210.01870v1""",quant-ph,"['quant-ph', 'physics.optics']",['MASUD MANSURIPUR'],2022
Memory in humans and deep language models: Linking hypotheses for model augmentation,2022-10-04 19:35:11+00:00,232,"""http://arxiv.org/pdf/2210.01869v1""",cs.CL,"['cs.CL', 'cs.AI']","['OMRI RACCAH', 'PHEOBE CHEN', 'TED L. WILLKE', 'DAVID POEPPEL', 'VY A. VO']",2022
An empirical model of noise sources in subsonic jets,2022-10-04 19:26:19+00:00,233,"""http://arxiv.org/pdf/2210.01866v1""",physics.flu-dyn,['physics.flu-dyn'],"['UGUR KARBAN', 'BENJAMIN BUGEAT', 'AARON TOWNE', 'LUTZ LESSHAFFT', 'ANURAG AGARWAL', 'PETER JORDAN']",2022
Recycling Scraps: Improving Private Learning by Leveraging Intermediate Checkpoints,2022-10-04 19:21:00+00:00,234,"""http://arxiv.org/pdf/2210.01864v1""",cs.LG,"['cs.LG', 'cs.CR']","['VIRAT SHEJWALKAR', 'ARUN GANESH', 'RAJIV MATHEWS', 'OM THAKKAR', 'ABHRADEEP THAKURTA']",2022
"Panchromatic HST/WFC3 Imaging Studies of Young, Rapidly Evolving Planetary Nebulae. II. NGC 7027",2022-10-04 19:02:44+00:00,235,"""http://arxiv.org/pdf/2210.01859v1""",astro-ph.GA,"['astro-ph.GA', 'astro-ph.SR']","['PAULA MORAGA BAEZ', 'JOEL H. KASTNER', 'BRUCE BALICK', 'RODOLFO MONTEZ JR.', 'JESSE BUBLITZ']",2022
Sudden Death of Genuine Tripartite Entanglement,2022-10-04 18:48:30+00:00,236,"""http://arxiv.org/pdf/2210.01854v1""",quant-ph,['quant-ph'],"['SONGBO XIE', 'DANIEL YOUNIS', 'JOSEPH H. EBERLY']",2022
New Determination of W Boson Hadronic Decay Width up to $\mathcal{O}\left(α_s^4 \right)$-order,2022-10-04 18:40:05+00:00,237,"""http://arxiv.org/pdf/2210.01851v1""",hep-ph,['hep-ph'],"['DANIEL SALINAS-ARIZMENDI', 'IVAN SCHMIDT']",2022
